name,tutor
Mathematics,Nga Jacobs
Physics,Lee Webb
Chemistry,Dana Tran
Biology,Eliseo Strickland
Computer Science,Tyron Parrish
Information Technology,Dean Farmer
Electrical Engineering,Jeffry Fernandez
Mechanical Engineering,Cristopher Floyd
Civil Engineering,Robert Burke
Environmental Science,Edmundo Coleman
Geology,Gonzalo Mullins
Economics,Clint Kerr
Accounting,Santos Gonzales
Business-Administration,Chau Dunlap
Marketing,Annika Fuentes
Finance,Dorian Robbins
Human Resources,Adalberto Callahan
Management,Parker Kinney
Operations Management,Hae Wooten
Supply Chain Management,Jewel Meyers
Law,Loreta Stevenson
Political Science,Alfredia Sims
International Relations,Jannet Gallegos
History,Fredrick Mcclure
Anthropology,Devorah Ballard
Sociology,Jerrica Garrett
Psychology,Moises Cain
Philosophy,Murray Bentley
Religious Studies,Jayson Romero
Linguistics,Danuta Jordan
English Literature,Ben Landry
Creative Writing,Stanford Horton
Journalism,Antonio Mcclure
Media Studies,Refugia Hartman
Film Studies,Arden Brennan
Art History,Karey Reese
Musicology,Waylon Ramsey
Dance,Jonie Hunt
Theatre,Ryan Bright
Culinary Arts,Margeret Weeks
Fashion Design,Alaine Cleveland
Interior Design,Ilda Bradford
Architecture,Heike Emerson
Urban Planning,Jacelyn Monroe
Geography,Donovan Baxter
Environmental Design,Season White
Education,Bernardina Hammond
Child Development,Lean Armstrong
Special Education,Arianne Keith
Physical Education,Ilda Leblanc
Athletic Training,Mora Mccray
Exercise Science,Gil Downs
Nutrition,Isidro Yang
Nursing,Tad Bishop
Medicine,Dorla Nicholson
Pharmacy,Stefany Rios
Dentistry,Gregg Wilson
Veterinary Science,Arlyne Beard
Biomedical Engineering,Klara Curtis
Health Administration,Diamond Ochoa
Public Health,Wilton Mcmahon
Social Work,Leonel Valdez
Psychology,Bart Gates
Sociology,Jude Castaneda
Data Science,Scott Hartman
Artificial Intelligence,Emelia Lynch
Machine Learning,Faviola Meyer
Robotics,Madaline Pollard
Cybersecurity,Lizzette Sargent
Database Management,Greg Knowles
Software Development,Mike Lynch
Web Development,Aide Dennis
Mobile App Development,German Goodman
Game Development,Granville Harper
Network Administration,Genevive Morin
Cloud Computing,Clementina Gates
Data Analytics,Valentine Estes
Business Intelligence,Michaele Marsh
Marketing Analytics,Ka Langley
Financial Analytics,Emmy Barton
Supply Chain Analytics,Tamala Randall
Data Visualization,Erwin Rowe
Data Mining,Tristan Blanchard
Big Data,Daniel Gibbs
Natural Language Processing,Ghislaine Hernandez
Computer-Graphics,Emerita Reyes
Human-Computer Interaction,Timothy Mcintosh
Virtual Reality,Denis Steele
Augmented Reality,Lucina Dawson
Internet of Things,Arlinda Huff
Blockchain,Everette Garcia
Cryptography,Nigel Flores
Cyberlaw,Leandro Wiley
Digital Forensics,Annice Schmidt
Ethical Hacking,Collin Velasquez
Cloud Security,Randolph Maxwell
Network Security,France Griffin
Cybercrime,Lawanna Medina
Information Warfare,Tobi Cantu
Cyberpsychology,Tamatha Floyd
